Subject,ChannelIndex,ROI,ClassLabel,ClusterID,freq_min_Hz,freq_max_Hz,time_min_ms,time_max_ms
k12wm002,1,Left Amygdala,4,1,3.0,140.00000000000006,0,8000
k12wm002,1,Left Amygdala,4,2,3.0,3.0,6481,6489
k12wm002,1,Left Amygdala,4,3,3.0,3.0,6502,6502
k12wm002,1,Left Amygdala,4,4,3.310673102257725,3.310673102257725,2181,2183
k12wm002,1,Left Amygdala,4,5,3.310673102257725,3.6535187966709293,7860,7879
k12wm002,1,Left Amygdala,4,6,4.4493998658759315,4.4493998658759315,0,3
k12wm002,1,Left Amygdala,4,7,4.9101694857148575,4.9101694857148575,880,889
k12wm002,4,Left Amygdala,3,1,3.0,140.00000000000006,0,8000
k12wm002,4,Left Amygdala,3,2,3.0,3.0,2040,2063
k12wm002,4,Left Amygdala,3,3,5.979798836966422,5.979798836966422,7113,7120
k12wm002,4,Left Amygdala,3,4,6.599053055485587,6.599053055485587,3436,3437
k12wm002,4,Left Amygdala,4,1,3.0,140.00000000000006,0,8000
k12wm002,4,Left Amygdala,4,2,3.0,3.0,1282,1290
k12wm002,4,Left Amygdala,4,3,3.0,3.0,6223,6235
k12wm002,4,Left Amygdala,4,4,3.6535187966709293,3.6535187966709293,2787,2790
k12wm002,4,Left Amygdala,4,5,4.9101694857148575,4.9101694857148575,4343,4344
k12wm002,4,Left Amygdala,4,6,10.80082298255291,10.80082298255291,3331,3332
k12wm002,6,Left Cerebral White Matter,4,1,3.0,140.00000000000006,0,8000
k12wm002,6,Left Cerebral White Matter,4,2,3.0,3.0,168,186
k12wm002,6,Left Cerebral White Matter,4,3,3.6535187966709293,3.6535187966709293,1659,1664
k12wm002,6,Left Cerebral White Matter,4,4,8.868838714387815,8.868838714387815,634,639
k12wm002,6,Left Cerebral White Matter,4,5,13.15366992875747,13.15366992875747,4829,4829
k12wm002,6,Left Cerebral White Matter,4,6,19.50864573892993,19.50864573892993,3460,3467
k12wm002,8,L Middle Temporal Gyrus,3,1,3.0,140.00000000000006,0,8000
k12wm002,8,L Middle Temporal Gyrus,3,2,3.0,3.0,2001,2011
k12wm002,8,L Middle Temporal Gyrus,3,3,3.0,3.0,2014,2014
k12wm002,8,L Middle Temporal Gyrus,3,4,3.0,3.0,3927,3936
k12wm002,8,L Middle Temporal Gyrus,3,5,3.0,3.310673102257725,6399,6434
k12wm002,8,L Middle Temporal Gyrus,3,6,3.0,3.0,7178,7181
k12wm002,8,L Middle Temporal Gyrus,3,7,3.310673102257725,3.310673102257725,1999,2000
k12wm002,8,L Middle Temporal Gyrus,3,8,3.310673102257725,3.6535187966709293,3907,3922
k12wm002,8,L Middle Temporal Gyrus,3,9,5.979798836966422,5.979798836966422,7266,7266
k12wm002,8,L Middle Temporal Gyrus,3,10,7.282435817055927,7.282435817055927,1493,1495
k12wm002,8,L Middle Temporal Gyrus,4,1,3.0,140.00000000000006,0,8000
k12wm002,8,L Middle Temporal Gyrus,4,2,3.0,3.0,6531,6548
k12wm002,8,L Middle Temporal Gyrus,4,3,3.6535187966709293,3.6535187966709293,960,962
k12wm002,8,L Middle Temporal Gyrus,4,4,4.4493998658759315,4.4493998658759315,1502,1502
k12wm002,9,L ParaHippocampal Gyrus,4,1,3.0,140.00000000000006,0,8000
k12wm002,9,L ParaHippocampal Gyrus,4,2,3.0,3.0,1268,1273
k12wm002,9,L ParaHippocampal Gyrus,4,3,3.0,3.0,7485,7503
k12wm002,9,L ParaHippocampal Gyrus,4,4,3.0,3.0,7867,7874
k12wm002,9,L ParaHippocampal Gyrus,4,5,14.515833743037883,14.515833743037883,3948,3949
k12wm002,9,L ParaHippocampal Gyrus,4,6,85.53676226898173,85.53676226898173,714,723
k12wm002,9,L ParaHippocampal Gyrus,4,7,94.39475269937705,94.39475269937705,5877,5877
k12wm002,30,L Heschls Gyrus,3,1,3.0,140.00000000000006,0,8000
k12wm002,30,L Heschls Gyrus,3,2,3.0,3.0,6645,6663
k12wm002,30,L Heschls Gyrus,4,1,3.0,140.00000000000006,0,8000
k12wm002,30,L Heschls Gyrus,4,2,3.0,3.0,3246,3248
k12wm002,30,L Heschls Gyrus,4,3,104.17005625203247,104.17005625203247,7441,7443
k12wm002,31,L Postcentral Gyrus,4,1,3.0,140.00000000000006,0,8000
k12wm002,31,L Postcentral Gyrus,4,2,5.418655347960942,5.418655347960942,6921,6927
k12wm002,32,L Postcentral Gyrus,4,1,3.0,140.00000000000006,0,8000
k12wm002,32,L Postcentral Gyrus,4,2,3.6535187966709293,3.6535187966709293,3708,3712
k12wm002,32,L Postcentral Gyrus,4,3,3.6535187966709293,3.6535187966709293,6623,6634
k12wm002,32,L Postcentral Gyrus,4,4,7.282435817055927,7.282435817055927,4560,4567
k12wm002,32,L Postcentral Gyrus,4,5,10.80082298255291,10.80082298255291,2605,2609
k12wm002,32,L Postcentral Gyrus,4,6,114.95766776475935,114.95766776475935,4897,4902
k12wm002,34,L Insula Lobe,4,1,3.0,140.00000000000006,0,8000
k12wm002,34,L Insula Lobe,4,2,3.0,3.0,4069,4069
k12wm002,34,L Insula Lobe,4,3,3.0,3.0,6700,6749
k12wm002,36,L IFG (p Opercularis),4,1,3.0,140.00000000000006,0,8000
k12wm002,36,L IFG (p Opercularis),4,2,3.0,3.6535187966709293,2993,3034
k12wm002,36,L IFG (p Opercularis),4,3,3.310673102257725,3.6535187966709293,1768,1781
k12wm002,36,L IFG (p Opercularis),4,4,4.4493998658759315,4.4493998658759315,503,504
k12wm002,39,L ACC,4,1,3.0,140.00000000000006,0,8000
k12wm002,39,L ACC,4,2,3.0,3.310673102257725,1775,1789
k12wm002,39,L ACC,4,3,3.0,3.0,1795,1798
k12wm002,39,L ACC,4,4,3.6535187966709293,4.031868802910486,1791,1811
k12wm002,39,L ACC,4,5,5.418655347960942,5.418655347960942,2891,2894
k12wm002,39,L ACC,4,6,140.00000000000006,140.00000000000006,5420,5439
k12wm002,40,L ACC,4,1,3.0,140.00000000000006,0,8000
k12wm002,40,L ACC,4,2,3.0,4.031868802910486,4807,4866
k12wm002,40,L ACC,4,3,3.0,3.0,5596,5598
k12wm002,40,L ACC,4,4,3.0,3.0,7059,7063
k12wm002,40,L ACC,4,5,4.031868802910486,4.4493998658759315,866,880
k12wm002,40,L ACC,4,6,85.53676226898173,85.53676226898173,7597,7605
k12wm002,42,Left Cerebral White Matter,4,1,3.0,140.00000000000006,0,8000
k12wm002,42,Left Cerebral White Matter,4,2,3.0,3.0,40,49
k12wm002,42,Left Cerebral White Matter,4,3,3.0,3.0,1642,1659
k12wm002,42,Left Cerebral White Matter,4,4,3.0,3.310673102257725,2738,2784
k12wm002,42,Left Cerebral White Matter,4,5,3.310673102257725,3.310673102257725,5985,5989
k12wm002,42,Left Cerebral White Matter,4,6,4.4493998658759315,4.4493998658759315,6738,6740
k12wm002,42,Left Cerebral White Matter,4,7,4.4493998658759315,4.4493998658759315,7384,7388
k12wm002,42,Left Cerebral White Matter,4,8,4.4493998658759315,4.9101694857148575,7393,7411
k12wm002,42,Left Cerebral White Matter,4,9,16.01906010997353,16.01906010997353,1334,1342
k12wm002,42,Left Cerebral White Matter,4,10,17.677957143179682,17.677957143179682,3157,3160
k12wm002,42,Left Cerebral White Matter,4,11,140.00000000000006,140.00000000000006,4807,4808
k12wm002,44,L Middle Frontal Gyrus,1,1,3.0,140.00000000000006,0,8000
k12wm002,44,L Middle Frontal Gyrus,1,2,3.0,3.0,193,193
k12wm002,44,L Middle Frontal Gyrus,1,3,3.0,3.0,6068,6070
k12wm002,44,L Middle Frontal Gyrus,1,4,3.0,3.0,7334,7335
k12wm002,44,L Middle Frontal Gyrus,1,5,3.0,3.0,7353,7362
k12wm002,44,L Middle Frontal Gyrus,1,6,3.0,3.310673102257725,7364,7387
k12wm002,44,L Middle Frontal Gyrus,1,7,6.599053055485587,6.599053055485587,7941,7974
k12wm002,44,L Middle Frontal Gyrus,1,8,28.933921911405292,28.933921911405292,2042,2042
k12wm002,44,L Middle Frontal Gyrus,1,9,126.86241952235625,126.86241952235625,3176,3179
k12wm002,44,L Middle Frontal Gyrus,1,10,140.00000000000006,140.00000000000006,5352,5357
k12wm002,46,L Middle Frontal Gyrus,4,1,3.0,140.00000000000006,0,8000
k12wm002,46,L Middle Frontal Gyrus,4,2,3.0,3.0,2564,2575
k12wm002,46,L Middle Frontal Gyrus,4,3,3.0,3.0,4243,4250
k12wm002,46,L Middle Frontal Gyrus,4,4,3.0,3.0,6085,6126
k12wm002,46,L Middle Frontal Gyrus,4,5,3.0,3.6535187966709293,6715,6773
k12wm002,46,L Middle Frontal Gyrus,4,6,3.0,3.0,6803,6823
k12wm002,46,L Middle Frontal Gyrus,4,7,3.0,3.0,7176,7223
k12wm002,46,L Middle Frontal Gyrus,4,8,3.310673102257725,3.310673102257725,6705,6710
k12wm002,46,L Middle Frontal Gyrus,4,9,4.031868802910486,4.031868802910486,6119,6130
k12wm002,46,L Middle Frontal Gyrus,4,10,4.4493998658759315,4.4493998658759315,1751,1751
k12wm002,46,L Middle Frontal Gyrus,4,11,5.418655347960942,5.418655347960942,6318,6318
k12wm002,46,L Middle Frontal Gyrus,4,12,26.218766713941378,26.218766713941378,7362,7367
k12wm002,46,L Middle Frontal Gyrus,4,13,140.00000000000006,140.00000000000006,5473,5482
k12wm002,52,Left Cerebral White Matter,4,1,3.0,140.00000000000006,0,8000
k12wm002,52,Left Cerebral White Matter,4,2,3.0,3.0,1874,1874
k12wm002,52,Left Cerebral White Matter,4,3,8.036588126148438,8.036588126148438,7655,7657
k12wm002,52,Left Cerebral White Matter,4,4,104.17005625203247,104.17005625203247,7999,8000
k12wm002,61,L Precentral Gyrus,4,1,3.0,140.00000000000006,0,8000
k12wm002,61,L Precentral Gyrus,4,2,3.0,3.0,2908,2908
k12wm002,61,L Precentral Gyrus,4,3,3.0,3.0,3814,3838
k12wm002,61,L Precentral Gyrus,4,4,3.0,3.0,3847,3855
k12wm002,61,L Precentral Gyrus,4,5,3.0,3.310673102257725,5006,5043
k12wm002,61,L Precentral Gyrus,4,6,3.0,3.310673102257725,5474,5488
k12wm002,61,L Precentral Gyrus,4,7,3.0,3.0,5603,5606
k12wm002,61,L Precentral Gyrus,4,8,3.0,3.0,7162,7168
k12wm002,61,L Precentral Gyrus,4,9,3.0,3.0,7634,7641
k12wm002,61,L Precentral Gyrus,4,10,4.031868802910486,4.031868802910486,3855,3855
k12wm002,61,L Precentral Gyrus,4,11,4.031868802910486,4.031868802910486,6532,6539
k12wm002,61,L Precentral Gyrus,4,12,4.9101694857148575,5.418655347960942,2993,3009
k12wm002,61,L Precentral Gyrus,4,13,7.282435817055927,7.282435817055927,6458,6458
k12wm002,82,R Hippocampus,2,1,3.0,140.00000000000006,0,8000
k12wm002,82,R Hippocampus,2,2,3.0,3.0,6122,6125
k12wm002,93,R Insula Lobe,1,1,3.0,140.00000000000006,0,8000
k12wm002,93,R Insula Lobe,1,2,3.0,3.0,6237,6244
k12wm002,93,R Insula Lobe,1,3,3.0,3.310673102257725,7789,7798
k12wm002,93,R Insula Lobe,1,4,17.677957143179682,17.677957143179682,1771,1776
k12wm002,93,R Insula Lobe,1,5,47.35682015714627,47.35682015714627,7149,7155
k12wm002,93,R Insula Lobe,1,6,140.00000000000006,140.00000000000006,4651,4664
k12wm002,93,R Insula Lobe,1,7,140.00000000000006,140.00000000000006,5679,5680
k12wm002,99,Right Cerebral White Matter,4,1,3.0,140.00000000000006,0,8000
k12wm002,99,Right Cerebral White Matter,4,2,3.0,3.0,4394,4398
k12wm002,99,Right Cerebral White Matter,4,3,3.310673102257725,3.310673102257725,7474,7475
k12wm002,99,Right Cerebral White Matter,4,4,3.6535187966709293,3.6535187966709293,7442,7447
k12wm002,99,Right Cerebral White Matter,4,5,4.9101694857148575,4.9101694857148575,7721,7731
k12wm002,99,Right Cerebral White Matter,4,6,14.515833743037883,14.515833743037883,3478,3486
k12wm002,101,Right Cerebral White Matter,4,1,3.0,140.00000000000006,0,8000
k12wm002,101,Right Cerebral White Matter,4,2,3.0,3.0,1441,1445
k12wm002,101,Right Cerebral White Matter,4,3,3.0,3.0,2999,3025
k12wm002,101,Right Cerebral White Matter,4,4,3.0,3.0,6555,6570
k12wm002,101,Right Cerebral White Matter,4,5,3.310673102257725,3.310673102257725,6539,6553
k12wm002,101,Right Cerebral White Matter,4,6,3.6535187966709293,3.6535187966709293,5436,5436
k12wm002,101,Right Cerebral White Matter,4,7,3.6535187966709293,4.031868802910486,6556,6572
k12wm002,101,Right Cerebral White Matter,4,8,5.979798836966422,5.979798836966422,6036,6040
k12wm003,31,L Insula Lobe,4,1,3.0,140.00000000000006,0,8000
k12wm003,31,L Insula Lobe,4,2,3.0,3.0,3112,3117
k12wm003,31,L Insula Lobe,4,3,4.4493998658759315,4.4493998658759315,5887,5890
k12wm003,31,L Insula Lobe,4,4,4.9101694857148575,4.9101694857148575,4199,4201
k12wm003,31,L Insula Lobe,4,5,140.00000000000006,140.00000000000006,1741,1742
k12wm003,33,L IFG (p Triangularis),4,1,3.0,140.00000000000006,0,8000
k12wm003,33,L IFG (p Triangularis),4,2,3.0,3.0,1249,1249
k12wm003,33,L IFG (p Triangularis),4,3,140.00000000000006,140.00000000000006,6458,6460
k12wm003,37,L IFG (p Triangularis),1,1,3.0,140.00000000000006,0,8000
k12wm003,37,L IFG (p Triangularis),1,2,3.0,3.0,2278,2292
k12wm003,37,L IFG (p Triangularis),1,3,3.0,3.0,4126,4152
k12wm003,37,L IFG (p Triangularis),1,4,3.310673102257725,3.310673102257725,7332,7334
k12wm003,37,L IFG (p Triangularis),1,5,6.599053055485587,6.599053055485587,6624,6632
k12wm003,37,L IFG (p Triangularis),1,6,7.282435817055927,7.282435817055927,5024,5025
k12wm003,37,L IFG (p Triangularis),1,7,13.15366992875747,13.15366992875747,6949,6951
k12wm003,37,L IFG (p Triangularis),4,1,3.0,140.00000000000006,0,8000
k12wm003,37,L IFG (p Triangularis),4,2,3.0,3.0,330,333
k12wm003,37,L IFG (p Triangularis),4,3,3.0,3.0,2263,2265
k12wm003,37,L IFG (p Triangularis),4,4,3.0,3.0,6823,6823
k12wm003,37,L IFG (p Triangularis),4,5,3.310673102257725,3.310673102257725,374,382
k12wm003,37,L IFG (p Triangularis),4,6,3.6535187966709293,4.031868802910486,347,360
k12wm003,37,L IFG (p Triangularis),4,7,5.418655347960942,5.418655347960942,6939,6943
k12wm003,37,L IFG (p Triangularis),4,8,77.51000442536863,77.51000442536863,3849,3849
k12wm003,37,L IFG (p Triangularis),4,9,140.00000000000006,140.00000000000006,1336,1345
k12wm003,40,L Rolandic Operculum,3,1,3.0,140.00000000000006,0,8000
k12wm003,40,L Rolandic Operculum,3,2,3.0,3.0,1324,1329
k12wm003,40,L Rolandic Operculum,3,3,3.0,3.0,1887,1888
k12wm003,40,L Rolandic Operculum,3,4,3.0,3.0,2972,2979
k12wm003,40,L Rolandic Operculum,3,5,3.0,3.0,3835,3835
k12wm003,40,L Rolandic Operculum,3,6,3.0,3.310673102257725,5432,5458
k12wm003,40,L Rolandic Operculum,3,7,3.0,3.0,7344,7359
k12wm003,40,L Rolandic Operculum,3,8,3.0,3.0,7369,7369
k12wm003,40,L Rolandic Operculum,3,9,3.6535187966709293,3.6535187966709293,760,762
k12wm003,40,L Rolandic Operculum,3,10,5.418655347960942,5.418655347960942,7999,8000
k12wm003,45,L Superior Temporal Gyrus,3,1,3.0,140.00000000000006,0,8000
k12wm003,45,L Superior Temporal Gyrus,3,2,3.0,3.6535187966709293,1548,1570
k12wm003,45,L Superior Temporal Gyrus,3,3,3.0,3.0,1577,1578
k12wm003,45,L Superior Temporal Gyrus,3,4,3.0,3.0,5449,5449
k12wm003,45,L Superior Temporal Gyrus,3,5,8.036588126148438,8.036588126148438,2895,2896
k12wm003,45,L Superior Temporal Gyrus,4,1,3.0,140.00000000000006,0,8000
k12wm003,45,L Superior Temporal Gyrus,4,2,3.0,3.0,5361,5365
k12wm003,45,L Superior Temporal Gyrus,4,3,3.0,3.0,5443,5454
k12wm003,45,L Superior Temporal Gyrus,4,4,140.00000000000006,140.00000000000006,5782,5783
k12wm003,60,L IFG (p Orbitalis),4,1,3.0,140.00000000000006,0,8000
k12wm003,60,L IFG (p Orbitalis),4,2,3.0,3.0,1409,1417
k12wm003,60,L IFG (p Orbitalis),4,3,3.0,3.310673102257725,2777,2801
k12wm003,60,L IFG (p Orbitalis),4,4,3.0,3.0,4772,4779
k12wm003,60,L IFG (p Orbitalis),4,5,3.0,3.0,5751,5768
k12wm003,61,L IFG (p Orbitalis),4,1,3.0,140.00000000000006,0,8000
k12wm003,61,L IFG (p Orbitalis),4,2,3.0,3.0,3614,3622
k12wm003,61,L IFG (p Orbitalis),4,3,3.0,3.0,6956,6958
k12wm003,61,L IFG (p Orbitalis),4,4,3.0,3.0,7026,7029
k12wm003,61,L IFG (p Orbitalis),4,5,4.031868802910486,4.031868802910486,2190,2190
k12wm003,62,L IFG (p Orbitalis),4,1,3.0,140.00000000000006,0,8000
k12wm003,62,L IFG (p Orbitalis),4,2,3.0,3.0,1781,1787
k12wm003,62,L IFG (p Orbitalis),4,3,3.0,3.0,3649,3659
k12wm003,121,R Insula Lobe,3,1,3.0,140.00000000000006,0,8000
k12wm003,121,R Insula Lobe,3,2,3.0,3.0,4318,4321
k12wm003,121,R Insula Lobe,3,3,3.0,3.0,5036,5040
k12wm003,121,R Insula Lobe,3,4,140.00000000000006,140.00000000000006,7713,7735
k12wm003,121,R Insula Lobe,4,1,3.0,4.4493998658759315,0,25
k12wm003,121,R Insula Lobe,4,2,3.0,140.00000000000006,0,8000
k12wm003,121,R Insula Lobe,4,3,4.4493998658759315,4.4493998658759315,844,859
k12wm003,121,R Insula Lobe,4,4,5.418655347960942,5.418655347960942,2767,2774
k12wm003,121,R Insula Lobe,4,5,8.036588126148438,8.036588126148438,0,2
k12wm003,121,R Insula Lobe,4,6,140.00000000000006,140.00000000000006,7989,8000
k12wm006,23,L Middle Temporal Gyrus,4,1,3.0,140.00000000000006,0,8000
k12wm006,23,L Middle Temporal Gyrus,4,2,3.0,3.0,1384,1398
k12wm006,25,L Insula Lobe,3,1,3.0,140.00000000000006,0,8000
k12wm006,25,L Insula Lobe,3,2,3.0,3.310673102257725,4597,4608
k12wm006,25,L Insula Lobe,3,3,7.282435817055927,7.282435817055927,5835,5836
k12wm006,25,L Insula Lobe,3,4,140.00000000000006,140.00000000000006,4430,4436
k12wm006,32,L Rolandic Operculum,4,1,3.0,140.00000000000006,0,8000
k12wm006,32,L Rolandic Operculum,4,2,3.0,3.0,6272,6280
k12wm006,34,L Postcentral Gyrus,4,1,3.0,140.00000000000006,0,8000
k12wm006,34,L Postcentral Gyrus,4,2,3.0,3.310673102257725,2066,2089
k12wm006,34,L Postcentral Gyrus,4,3,3.310673102257725,3.310673102257725,2055,2065
k12wm006,34,L Postcentral Gyrus,4,4,140.00000000000006,140.00000000000006,2523,2526
k12wm006,36,L Superior Temporal Gyrus,2,1,3.0,140.00000000000006,0,8000
k12wm006,36,L Superior Temporal Gyrus,2,2,14.515833743037883,14.515833743037883,1029,1030
k12wm006,36,L Superior Temporal Gyrus,2,3,31.930252338304978,31.930252338304978,2396,2398
k12wm006,38,L Middle Temporal Gyrus,3,1,3.0,140.00000000000006,0,8000
k12wm006,38,L Middle Temporal Gyrus,3,2,3.0,3.0,3184,3188
k12wm006,38,L Middle Temporal Gyrus,3,3,3.0,3.0,4701,4704
k12wm006,38,L Middle Temporal Gyrus,3,4,3.6535187966709293,4.031868802910486,370,387
k12wm006,38,L Middle Temporal Gyrus,4,1,3.0,140.00000000000006,0,8000
k12wm006,38,L Middle Temporal Gyrus,4,2,3.0,3.0,1149,1151
k12wm006,38,L Middle Temporal Gyrus,4,3,3.0,3.0,4620,4625
k12wm006,38,L Middle Temporal Gyrus,4,4,3.0,3.0,6551,6595
k12wm006,38,L Middle Temporal Gyrus,4,5,3.6535187966709293,3.6535187966709293,5876,5888
k12wm006,38,L Middle Temporal Gyrus,4,6,4.4493998658759315,4.4493998658759315,5854,5856
k12wm006,38,L Middle Temporal Gyrus,4,7,35.23687585490936,35.23687585490936,3601,3607
k12wm006,38,L Middle Temporal Gyrus,4,8,94.39475269937705,94.39475269937705,1571,1572
k12wm006,38,L Middle Temporal Gyrus,4,9,140.00000000000006,140.00000000000006,6250,6254
k12wm006,39,L Middle Temporal Gyrus,3,1,3.0,140.00000000000006,0,8000
k12wm006,39,L Middle Temporal Gyrus,3,2,16.01906010997353,16.01906010997353,6469,6472
k12wm006,43,L Postcentral Gyrus,2,1,3.0,140.00000000000006,0,8000
k12wm006,43,L Postcentral Gyrus,2,2,3.0,3.310673102257725,343,352
k12wm006,43,L Postcentral Gyrus,2,3,3.0,3.0,1936,1937
k12wm006,43,L Postcentral Gyrus,2,4,3.0,3.310673102257725,7826,7839
k12wm006,43,L Postcentral Gyrus,2,5,6.599053055485587,6.599053055485587,6503,6507
k12wm006,43,L Postcentral Gyrus,2,6,70.23647641850573,70.23647641850573,4673,4677
k12wm006,43,L Postcentral Gyrus,2,7,140.00000000000006,140.00000000000006,7424,7428
k12wm006,44,L Postcentral Gyrus,3,1,3.0,140.00000000000006,0,8000
k12wm006,44,L Postcentral Gyrus,3,2,17.677957143179682,17.677957143179682,3029,3031
k12wm006,44,L Postcentral Gyrus,3,3,70.23647641850573,70.23647641850573,7447,7450
k12wm007,16,L Middle Temporal Gyrus,1,1,3.0,140.00000000000006,0,8000
k12wm007,16,L Middle Temporal Gyrus,1,2,3.0,3.310673102257725,7014,7052
k12wm007,16,L Middle Temporal Gyrus,1,3,3.310673102257725,3.310673102257725,7077,7096
k12wm007,16,L Middle Temporal Gyrus,1,4,140.00000000000006,140.00000000000006,6603,6603
k12wm007,24,L Middle Temporal Gyrus,3,1,3.0,140.00000000000006,0,8000
k12wm007,24,L Middle Temporal Gyrus,3,2,3.0,3.0,4816,4842
k12wm007,24,L Middle Temporal Gyrus,3,3,3.0,3.0,7404,7409
k12wm007,47,L Insula Lobe,4,1,3.0,140.00000000000006,0,8000
k12wm007,47,L Insula Lobe,4,2,4.9101694857148575,4.9101694857148575,7783,7786
k12wm007,68,L IFG (p Orbitalis),2,1,3.0,140.00000000000006,0,8000
k12wm007,68,L IFG (p Orbitalis),2,2,3.0,3.0,2685,2692
k12wm007,73,L IFG (p Orbitalis),3,1,3.0,140.00000000000006,0,8000
k12wm007,73,L IFG (p Orbitalis),3,2,3.0,3.310673102257725,6682,6719
k12wm008,4,R Hippocampus,3,1,3.0,140.00000000000006,0,8000
k12wm008,4,R Hippocampus,3,2,3.0,3.0,3801,3801
k12wm008,4,R Hippocampus,3,3,3.310673102257725,3.310673102257725,3796,3798
k12wm008,4,R Hippocampus,3,4,4.031868802910486,4.031868802910486,4703,4715
k12wm008,4,R Hippocampus,3,5,4.031868802910486,4.031868802910486,5753,5762
k12wm008,4,R Hippocampus,3,6,4.9101694857148575,4.9101694857148575,2397,2397
k12wm008,4,R Hippocampus,3,7,4.9101694857148575,4.9101694857148575,2894,2897
k12wm008,4,R Hippocampus,3,8,5.418655347960942,5.418655347960942,7470,7472
k12wm008,4,R Hippocampus,3,9,77.51000442536863,77.51000442536863,5334,5335
k12wm008,4,R Hippocampus,3,10,140.00000000000006,140.00000000000006,3750,3751
k12wm008,7,R Inferior Temporal Gyrus,2,1,3.0,140.00000000000006,0,8000
k12wm008,7,R Inferior Temporal Gyrus,2,2,3.0,3.0,5954,5961
k12wm008,7,R Inferior Temporal Gyrus,2,3,3.0,3.0,6801,6813
k12wm008,7,R Inferior Temporal Gyrus,2,4,126.86241952235625,126.86241952235625,645,647
k12wm008,25,R Fusiform Gyrus,3,1,3.0,140.00000000000006,0,8000
k12wm008,25,R Fusiform Gyrus,3,2,3.0,3.0,5137,5150
k12wm008,25,R Fusiform Gyrus,3,3,3.0,3.0,5161,5171
k12wm008,25,R Fusiform Gyrus,3,4,3.0,3.0,5439,5440
k12wm008,25,R Fusiform Gyrus,3,5,3.0,3.0,7776,7777
k12wm008,25,R Fusiform Gyrus,3,6,3.310673102257725,3.310673102257725,7757,7768
k12wm008,25,R Fusiform Gyrus,3,7,5.979798836966422,5.979798836966422,2016,2017
k12wm008,25,R Fusiform Gyrus,3,8,9.78727525999524,10.80082298255291,325,333
k12wm008,25,R Fusiform Gyrus,3,9,140.00000000000006,140.00000000000006,282,285
k12wm008,25,R Fusiform Gyrus,3,10,140.00000000000006,140.00000000000006,7018,7018
k12wm008,25,R Fusiform Gyrus,3,11,140.00000000000006,140.00000000000006,7629,7651
k12wm008,25,R Fusiform Gyrus,3,12,140.00000000000006,140.00000000000006,7659,7670
k12wm008,26,R Fusiform Gyrus,3,1,3.0,140.00000000000006,0,8000
k12wm008,26,R Fusiform Gyrus,3,2,3.0,3.6535187966709293,2392,2429
k12wm008,26,R Fusiform Gyrus,3,3,3.0,3.310673102257725,5740,5813
k12wm008,26,R Fusiform Gyrus,3,4,3.0,3.0,5816,5821
k12wm008,26,R Fusiform Gyrus,3,5,13.15366992875747,13.15366992875747,5101,5102
k12wm008,26,R Fusiform Gyrus,3,6,77.51000442536863,77.51000442536863,7532,7532
k12wm008,26,R Fusiform Gyrus,3,7,140.00000000000006,140.00000000000006,6982,7003
k12wm008,28,R Middle Temporal Gyrus,2,1,3.0,140.00000000000006,0,8000
k12wm008,28,R Middle Temporal Gyrus,2,2,3.0,3.0,122,130
k12wm008,28,R Middle Temporal Gyrus,2,3,3.0,3.310673102257725,840,869
k12wm008,28,R Middle Temporal Gyrus,2,4,3.0,3.310673102257725,2449,2482
k12wm008,28,R Middle Temporal Gyrus,2,5,3.0,3.310673102257725,3499,3531
k12wm008,28,R Middle Temporal Gyrus,2,6,3.310673102257725,3.6535187966709293,869,873
k12wm008,28,R Middle Temporal Gyrus,2,7,3.310673102257725,3.310673102257725,4685,4697
k12wm008,28,R Middle Temporal Gyrus,2,8,6.599053055485587,6.599053055485587,2256,2259
k12wm008,28,R Middle Temporal Gyrus,2,9,70.23647641850573,70.23647641850573,5865,5871
k12wm008,34,R Insula Lobe,4,1,3.0,140.00000000000006,0,8000
k12wm008,34,R Insula Lobe,4,2,3.0,3.0,533,545
k12wm008,34,R Insula Lobe,4,3,3.0,3.0,1198,1202
k12wm008,34,R Insula Lobe,4,4,3.0,3.310673102257725,1213,1223
k12wm008,34,R Insula Lobe,4,5,3.6535187966709293,3.6535187966709293,7663,7671
k12wm008,34,R Insula Lobe,4,6,6.599053055485587,6.599053055485587,5940,5942
k12wm008,34,R Insula Lobe,4,7,16.01906010997353,16.01906010997353,6947,6964
k12wm008,34,R Insula Lobe,4,8,126.86241952235625,126.86241952235625,2987,3005
k12wm008,36,R Superior Temporal Gyrus,3,1,3.0,140.00000000000006,0,8000
k12wm008,36,R Superior Temporal Gyrus,3,2,3.0,3.310673102257725,4652,4672
k12wm008,36,R Superior Temporal Gyrus,3,3,21.528916236450023,21.528916236450023,1945,1945
k12wm008,36,R Superior Temporal Gyrus,3,4,70.23647641850573,70.23647641850573,4000,4006
k12wm008,36,R Superior Temporal Gyrus,4,1,3.0,140.00000000000006,0,8000
k12wm008,36,R Superior Temporal Gyrus,4,2,3.0,3.0,3694,3701
k12wm008,36,R Superior Temporal Gyrus,4,3,3.0,3.0,6916,6916
k12wm008,36,R Superior Temporal Gyrus,4,4,3.0,3.0,6921,6928
k12wm008,36,R Superior Temporal Gyrus,4,5,3.6535187966709293,3.6535187966709293,2012,2018
k12wm008,36,R Superior Temporal Gyrus,4,6,4.9101694857148575,4.9101694857148575,2970,2975
k12wm008,36,R Superior Temporal Gyrus,4,7,7.282435817055927,7.282435817055927,6281,6281
k12wm008,36,R Superior Temporal Gyrus,4,8,17.677957143179682,17.677957143179682,35,46
k12wm008,36,R Superior Temporal Gyrus,4,9,140.00000000000006,140.00000000000006,1064,1070
k12wm008,38,R Superior Temporal Gyrus,3,1,3.0,140.00000000000006,0,8000
k12wm008,38,R Superior Temporal Gyrus,3,2,3.0,3.0,1765,1779
k12wm008,38,R Superior Temporal Gyrus,3,3,3.310673102257725,3.310673102257725,1782,1786
k12wm008,38,R Superior Temporal Gyrus,3,4,4.031868802910486,4.031868802910486,902,902
k12wm008,38,R Superior Temporal Gyrus,3,5,4.031868802910486,4.031868802910486,1795,1795
k12wm008,38,R Superior Temporal Gyrus,3,6,23.75840130159157,23.75840130159157,2216,2216
k12wm008,39,R Superior Temporal Gyrus,3,1,3.0,140.00000000000006,0,8000
k12wm008,39,R Superior Temporal Gyrus,3,2,3.0,3.0,3965,3969
k12wm008,39,R Superior Temporal Gyrus,3,3,3.0,3.0,5193,5214
k12wm008,39,R Superior Temporal Gyrus,3,4,3.310673102257725,3.310673102257725,1637,1645
k12wm008,39,R Superior Temporal Gyrus,3,5,3.6535187966709293,3.6535187966709293,5807,5818
k12wm008,39,R Superior Temporal Gyrus,3,6,13.15366992875747,13.15366992875747,5510,5517
k12wm008,41,R Insula Lobe,3,1,3.0,140.00000000000006,0,8000
k12wm008,41,R Insula Lobe,3,2,3.0,3.6535187966709293,1547,1565
k12wm008,41,R Insula Lobe,3,3,3.0,3.6535187966709293,2601,2630
k12wm008,41,R Insula Lobe,3,4,3.0,3.310673102257725,6277,6290
k12wm008,41,R Insula Lobe,3,5,17.677957143179682,17.677957143179682,2995,2995
k12wm008,41,R Insula Lobe,3,6,52.26098356757353,52.26098356757353,5990,5995
k12wm008,41,R Insula Lobe,3,7,114.95766776475935,114.95766776475935,3099,3108
k12wm008,41,R Insula Lobe,3,8,126.86241952235625,126.86241952235625,3071,3080
k12wm008,45,R Fusiform Gyrus,2,1,3.0,140.00000000000006,0,8000
k12wm008,45,R Fusiform Gyrus,2,2,3.0,3.0,6638,6663
k12wm008,45,R Fusiform Gyrus,2,3,3.0,3.310673102257725,6666,6686
k12wm008,45,R Fusiform Gyrus,2,4,31.930252338304978,31.930252338304978,2594,2596
k12wm008,45,R Fusiform Gyrus,2,5,94.39475269937705,94.39475269937705,4854,4854
k12wm008,46,R Medial Temporal Pole,3,1,3.0,140.00000000000006,0,8000
k12wm008,46,R Medial Temporal Pole,3,2,3.310673102257725,3.6535187966709293,3215,3236
k12wm008,48,R Medial Temporal Pole,3,1,3.0,140.00000000000006,0,8000
k12wm008,48,R Medial Temporal Pole,3,2,3.0,3.0,2017,2042
k12wm008,48,R Medial Temporal Pole,3,3,3.0,3.310673102257725,2095,2135
k12wm008,48,R Medial Temporal Pole,3,4,3.6535187966709293,3.6535187966709293,4655,4659
k12wm008,48,R Medial Temporal Pole,3,5,3.6535187966709293,3.6535187966709293,4712,4716
k12wm008,48,R Medial Temporal Pole,3,6,5.418655347960942,5.418655347960942,7013,7036
k12wm008,48,R Medial Temporal Pole,3,7,140.00000000000006,140.00000000000006,5302,5304
k12wm008,48,R Medial Temporal Pole,3,8,140.00000000000006,140.00000000000006,5315,5333
k12wm008,59,R Fusiform Gyrus,3,1,3.0,140.00000000000006,0,8000
k12wm008,59,R Fusiform Gyrus,3,2,3.0,3.0,2321,2330
k12wm008,66,R ParaHippocampal Gyrus,4,1,3.0,140.00000000000006,0,8000
k12wm008,66,R ParaHippocampal Gyrus,4,2,3.0,3.0,2751,2754
k12wm008,66,R ParaHippocampal Gyrus,4,3,3.0,3.0,4149,4160
k12wm008,66,R ParaHippocampal Gyrus,4,4,3.0,3.310673102257725,4269,4301
k12wm008,66,R ParaHippocampal Gyrus,4,5,3.0,3.0,6877,6884
k12wm008,66,R ParaHippocampal Gyrus,4,6,3.6535187966709293,3.6535187966709293,511,517
k12wm008,66,R ParaHippocampal Gyrus,4,7,3.6535187966709293,3.6535187966709293,4167,4168
k12wm008,66,R ParaHippocampal Gyrus,4,8,3.6535187966709293,4.031868802910486,7995,8000
k12wm008,66,R ParaHippocampal Gyrus,4,9,4.031868802910486,4.031868802910486,7260,7268
k12wm008,66,R ParaHippocampal Gyrus,4,10,7.282435817055927,7.282435817055927,611,611
k12wm008,67,R ParaHippocampal Gyrus,2,1,3.0,140.00000000000006,0,8000
k12wm008,67,R ParaHippocampal Gyrus,2,2,19.50864573892993,19.50864573892993,1606,1615
k12wm008,67,R ParaHippocampal Gyrus,2,3,140.00000000000006,140.00000000000006,123,124
k12wm008,67,R ParaHippocampal Gyrus,2,4,140.00000000000006,140.00000000000006,2069,2072
k12wm008,69,R Fusiform Gyrus,2,1,3.0,140.00000000000006,0,8000
k12wm008,69,R Fusiform Gyrus,2,2,3.6535187966709293,3.6535187966709293,3389,3398
k12wm008,70,R Inferior Temporal Gyrus,3,1,3.0,140.00000000000006,0,8000
k12wm008,70,R Inferior Temporal Gyrus,3,2,3.0,3.0,143,152
k12wm008,70,R Inferior Temporal Gyrus,3,3,4.031868802910486,4.4493998658759315,6556,6587
k12wm008,70,R Inferior Temporal Gyrus,3,4,4.4493998658759315,4.4493998658759315,4328,4333
k12wm008,70,R Inferior Temporal Gyrus,3,5,31.930252338304978,31.930252338304978,4617,4622
k12wm008,70,R Inferior Temporal Gyrus,3,6,70.23647641850573,70.23647641850573,4453,4456
k12wm008,70,R Inferior Temporal Gyrus,3,7,140.00000000000006,140.00000000000006,3699,3702
k12wm008,71,R Inferior Temporal Gyrus,2,1,3.0,140.00000000000006,0,8000
k12wm008,95,Right Cerebral White Matter,4,1,3.0,140.00000000000006,0,8000
k12wm008,95,Right Cerebral White Matter,4,2,3.0,3.0,7181,7206
k12wm008,95,Right Cerebral White Matter,4,3,3.6535187966709293,4.031868802910486,4781,4787
k12wm008,95,Right Cerebral White Matter,4,4,16.01906010997353,16.01906010997353,5852,5855
k12wm008,95,Right Cerebral White Matter,4,5,140.00000000000006,140.00000000000006,2298,2298
k12wm008,95,Right Cerebral White Matter,4,6,140.00000000000006,140.00000000000006,4736,4778
k12wm008,101,R Insula Lobe,2,1,3.0,140.00000000000006,0,8000
k12wm008,101,R Insula Lobe,2,2,3.0,3.0,3654,3673
k12wm008,101,R Insula Lobe,2,3,3.0,3.0,7753,7765
k12wm008,101,R Insula Lobe,2,4,4.9101694857148575,4.9101694857148575,4678,4678
k12wm008,101,R Insula Lobe,2,5,10.80082298255291,10.80082298255291,3232,3233
k12wm008,117,L ParaHippocampal Gyrus,3,1,3.0,140.00000000000006,0,8000
k12wm008,117,L ParaHippocampal Gyrus,3,2,3.0,4.031868802910486,1429,1466
k12wm008,117,L ParaHippocampal Gyrus,3,3,3.0,3.0,6213,6228
k12wm008,117,L ParaHippocampal Gyrus,3,4,3.0,3.0,6853,6860
k12wm008,117,L ParaHippocampal Gyrus,3,5,3.6535187966709293,3.6535187966709293,6224,6224
k12wm008,117,L ParaHippocampal Gyrus,3,6,47.35682015714627,47.35682015714627,3567,3575
k12wm008,122,L Middle Temporal Gyrus,2,1,3.0,140.00000000000006,0,8000
k12wm008,122,L Middle Temporal Gyrus,2,2,3.0,3.0,3692,3721
k12wm008,122,L Middle Temporal Gyrus,2,3,3.0,3.0,3726,3736
k12wm008,122,L Middle Temporal Gyrus,2,4,3.0,3.0,4630,4631
k12wm008,122,L Middle Temporal Gyrus,2,5,4.9101694857148575,4.9101694857148575,3597,3600
k12wm008,122,L Middle Temporal Gyrus,2,6,5.979798836966422,5.979798836966422,7534,7541
k12wm008,122,L Middle Temporal Gyrus,2,7,10.80082298255291,10.80082298255291,7120,7122
k12wm008,122,L Middle Temporal Gyrus,2,8,52.26098356757353,52.26098356757353,3701,3704
k12wm008,122,L Middle Temporal Gyrus,2,9,140.00000000000006,140.00000000000006,1589,1589
k12wm008,122,L Middle Temporal Gyrus,2,10,140.00000000000006,140.00000000000006,6429,6430
k12wm008,129,L Hippocampus,1,1,3.0,140.00000000000006,0,8000
k12wm008,129,L Hippocampus,1,2,140.00000000000006,140.00000000000006,4611,4616
k12wm008,129,L Hippocampus,1,3,140.00000000000006,140.00000000000006,4622,4625
k12wm008,130,Left Cerebral White Matter,4,1,3.0,140.00000000000006,0,8000
k12wm008,130,Left Cerebral White Matter,4,2,3.0,3.310673102257725,1686,1704
k12wm008,130,Left Cerebral White Matter,4,3,3.0,3.0,1733,1734
k12wm008,130,Left Cerebral White Matter,4,4,3.0,3.0,4552,4567
k12wm008,130,Left Cerebral White Matter,4,5,4.031868802910486,4.031868802910486,7353,7360
k12wm008,130,Left Cerebral White Matter,4,6,4.031868802910486,4.031868802910486,7945,7945
k12wm008,130,Left Cerebral White Matter,4,7,4.4493998658759315,4.4493998658759315,7018,7026
k12wm008,133,L Middle Temporal Gyrus,2,1,3.0,140.00000000000006,0,8000
k12wm008,133,L Middle Temporal Gyrus,2,2,3.0,3.310673102257725,4779,4834
k12wm008,133,L Middle Temporal Gyrus,2,3,4.9101694857148575,4.9101694857148575,4491,4491
k12wm008,133,L Middle Temporal Gyrus,2,4,10.80082298255291,10.80082298255291,6774,6776
k12wm008,133,L Middle Temporal Gyrus,2,5,140.00000000000006,140.00000000000006,3265,3268
k12wm009,8,L Middle Temporal Gyrus,4,1,3.0,140.00000000000006,0,8000
k12wm009,8,L Middle Temporal Gyrus,4,2,3.0,3.0,3566,3575
k12wm009,8,L Middle Temporal Gyrus,4,3,3.0,3.310673102257725,4081,4103
k12wm009,8,L Middle Temporal Gyrus,4,4,3.0,3.0,4105,4105
k12wm009,8,L Middle Temporal Gyrus,4,5,9.78727525999524,9.78727525999524,7993,8000
k12wm009,22,L Inferior Temporal Gyrus,1,1,3.0,140.00000000000006,0,8000
k12wm009,22,L Inferior Temporal Gyrus,1,2,4.4493998658759315,4.4493998658759315,7377,7382
k12wm009,22,L Inferior Temporal Gyrus,1,3,140.00000000000006,140.00000000000006,5399,5403
k12wm009,41,L IFG (p Triangularis),3,1,3.0,140.00000000000006,0,8000
k12wm009,41,L IFG (p Triangularis),3,2,3.0,4.9101694857148575,731,749
k12wm009,41,L IFG (p Triangularis),3,3,3.0,3.0,4741,4753
k12wm009,41,L IFG (p Triangularis),3,4,3.0,3.0,6492,6519
k12wm009,41,L IFG (p Triangularis),3,5,8.868838714387815,8.868838714387815,7109,7113
k12wm009,41,L IFG (p Triangularis),3,6,8.868838714387815,8.868838714387815,7991,8000
k12wm009,41,L IFG (p Triangularis),3,7,9.78727525999524,9.78727525999524,7094,7096
k12wm009,41,L IFG (p Triangularis),3,8,9.78727525999524,9.78727525999524,7104,7108
k12wm009,41,L IFG (p Triangularis),3,9,10.80082298255291,10.80082298255291,1673,1675
k12wm009,41,L IFG (p Triangularis),3,10,126.86241952235625,126.86241952235625,7055,7056
k12wm009,41,L IFG (p Triangularis),3,11,140.00000000000006,140.00000000000006,6091,6091
k12wm009,41,L IFG (p Triangularis),3,12,140.00000000000006,140.00000000000006,7996,8000
k12wm009,41,L IFG (p Triangularis),4,1,3.0,140.00000000000006,0,8000
k12wm009,41,L IFG (p Triangularis),4,2,3.0,4.4493998658759315,7989,8000
k12wm009,47,L Superior Temporal Gyrus,3,1,3.0,140.00000000000006,0,8000
k12wm009,47,L Superior Temporal Gyrus,3,2,3.0,3.310673102257725,7709,7750
k12wm009,47,L Superior Temporal Gyrus,3,3,140.00000000000006,140.00000000000006,1740,1753
k12wm009,47,L Superior Temporal Gyrus,3,4,140.00000000000006,140.00000000000006,6450,6453
k12wm009,47,L Superior Temporal Gyrus,4,1,3.0,140.00000000000006,0,8000
k12wm009,47,L Superior Temporal Gyrus,4,2,4.9101694857148575,4.9101694857148575,7649,7663
k12wm009,47,L Superior Temporal Gyrus,4,3,21.528916236450023,21.528916236450023,6718,6718
k12wm009,47,L Superior Temporal Gyrus,4,4,140.00000000000006,140.00000000000006,7157,7159
k12wm009,57,L Superior Temporal Gyrus,4,1,3.0,140.00000000000006,0,8000
k12wm009,60,L SupraMarginal Gyrus,3,1,3.0,140.00000000000006,0,8000
k12wm009,60,L SupraMarginal Gyrus,3,2,3.0,3.0,3402,3405
k12wm009,60,L SupraMarginal Gyrus,3,3,3.0,3.0,3494,3504
k12wm009,67,R Fusiform Gyrus,4,1,3.0,140.00000000000006,0,8000
k12wm009,67,R Fusiform Gyrus,4,2,3.0,3.0,3445,3450
k12wm009,67,R Fusiform Gyrus,4,3,4.4493998658759315,4.4493998658759315,386,391
k12wm009,67,R Fusiform Gyrus,4,4,4.4493998658759315,4.4493998658759315,1972,1972
k12wm009,69,R Inferior Temporal Gyrus,4,1,3.0,140.00000000000006,0,8000
k12wm009,69,R Inferior Temporal Gyrus,4,2,3.0,3.0,6520,6521
k12wm009,69,R Inferior Temporal Gyrus,4,3,3.0,3.0,7874,7881
k12wm009,69,R Inferior Temporal Gyrus,4,4,3.310673102257725,3.310673102257725,3105,3121
k12wm009,69,R Inferior Temporal Gyrus,4,5,6.599053055485587,6.599053055485587,5073,5073
k12wm009,69,R Inferior Temporal Gyrus,4,6,16.01906010997353,16.01906010997353,4138,4145
k12wm009,69,R Inferior Temporal Gyrus,4,7,19.50864573892993,19.50864573892993,6317,6320
k12wm009,69,R Inferior Temporal Gyrus,4,8,94.39475269937705,94.39475269937705,5087,5088
k12wm009,69,R Inferior Temporal Gyrus,4,9,140.00000000000006,140.00000000000006,1255,1278
k12wm009,70,R Inferior Temporal Gyrus,4,1,3.0,140.00000000000006,0,8000
k12wm009,70,R Inferior Temporal Gyrus,4,2,3.0,3.0,2333,2341
k12wm009,70,R Inferior Temporal Gyrus,4,3,3.0,3.0,3166,3166
k12wm009,70,R Inferior Temporal Gyrus,4,4,3.0,3.0,3446,3453
k12wm009,70,R Inferior Temporal Gyrus,4,5,3.0,3.0,3974,3985
k12wm009,70,R Inferior Temporal Gyrus,4,6,3.0,3.0,3990,3997
k12wm009,70,R Inferior Temporal Gyrus,4,7,3.310673102257725,3.310673102257725,4007,4009
k12wm009,70,R Inferior Temporal Gyrus,4,8,8.036588126148438,8.036588126148438,4197,4197
k12wm009,70,R Inferior Temporal Gyrus,4,9,13.15366992875747,13.15366992875747,5003,5003
k12wm009,70,R Inferior Temporal Gyrus,4,10,140.00000000000006,140.00000000000006,4110,4125
k12wm010,30,L Medial Temporal Pole,4,1,3.0,140.00000000000006,0,8000
k12wm010,30,L Medial Temporal Pole,4,2,140.00000000000006,140.00000000000006,176,195
k12wm010,30,L Medial Temporal Pole,4,3,140.00000000000006,140.00000000000006,1871,1873
k12wm010,34,L Rectal Gyrus,3,1,3.0,140.00000000000006,0,8000
k12wm010,34,L Rectal Gyrus,3,2,3.310673102257725,3.310673102257725,5008,5009
k12wm010,34,L Rectal Gyrus,3,3,3.6535187966709293,3.6535187966709293,7208,7214
k12wm010,38,L IFG (p Orbitalis),1,1,3.0,140.00000000000006,0,8000
k12wm010,38,L IFG (p Orbitalis),1,2,3.0,3.0,1303,1319
k12wm010,38,L IFG (p Orbitalis),1,3,3.0,3.0,7239,7267
k12wm010,38,L IFG (p Orbitalis),1,4,9.78727525999524,9.78727525999524,935,935
k12wm010,38,L IFG (p Orbitalis),1,5,47.35682015714627,47.35682015714627,5582,5583
k12wm010,40,L IFG (p Orbitalis),1,1,3.0,3.0,2,24
k12wm010,40,L IFG (p Orbitalis),1,2,3.0,3.0,28,58
k12wm010,40,L IFG (p Orbitalis),1,3,3.0,140.00000000000006,0,8000
k12wm010,40,L IFG (p Orbitalis),1,4,3.0,3.0,119,154
k12wm010,40,L IFG (p Orbitalis),1,5,3.0,3.6535187966709293,170,226
k12wm010,40,L IFG (p Orbitalis),1,6,3.0,4.4493998658759315,201,255
k12wm010,40,L IFG (p Orbitalis),1,7,3.0,3.0,6456,6457
k12wm010,40,L IFG (p Orbitalis),1,8,4.031868802910486,4.031868802910486,163,176
k12wm010,42,L IFG (p Orbitalis),1,1,3.0,140.00000000000006,0,8000
k12wm010,42,L IFG (p Orbitalis),1,2,3.310673102257725,3.6535187966709293,4967,4979
k12wm010,42,L IFG (p Orbitalis),1,3,16.01906010997353,16.01906010997353,4352,4353
k12wm010,42,L IFG (p Orbitalis),1,4,52.26098356757353,52.26098356757353,6215,6231
k12wm010,43,L Insula Lobe,1,1,3.0,140.00000000000006,0,8000
k12wm010,43,L Insula Lobe,1,2,3.0,3.0,2375,2393
k12wm010,43,L Insula Lobe,1,3,3.0,3.0,3400,3401
k12wm010,43,L Insula Lobe,1,4,140.00000000000006,140.00000000000006,4580,4581
k12wm010,43,L Insula Lobe,1,5,140.00000000000006,140.00000000000006,4593,4598
k12wm010,43,L Insula Lobe,1,6,140.00000000000006,140.00000000000006,5254,5278
k12wm010,49,L IFG (p Triangularis),3,1,3.0,140.00000000000006,0,8000
k12wm010,49,L IFG (p Triangularis),3,2,3.0,3.6535187966709293,5992,6023
k12wm010,49,L IFG (p Triangularis),3,3,4.4493998658759315,4.4493998658759315,3882,3887
k12wm010,49,L IFG (p Triangularis),3,4,4.9101694857148575,4.9101694857148575,6125,6125
k12wm010,49,L IFG (p Triangularis),3,5,5.979798836966422,5.979798836966422,4341,4342
k12wm010,59,L IFG (p Opercularis),3,1,3.0,140.00000000000006,0,8000
k12wm010,59,L IFG (p Opercularis),3,2,3.0,3.0,97,97
k12wm010,59,L IFG (p Opercularis),3,3,3.0,3.310673102257725,4736,4745
k12wm010,59,L IFG (p Opercularis),3,4,10.80082298255291,10.80082298255291,7814,7821
k12wm010,59,L IFG (p Opercularis),3,5,17.677957143179682,17.677957143179682,5718,5718
k12wm010,59,L IFG (p Opercularis),3,6,23.75840130159157,23.75840130159157,6375,6376
k12wm010,62,L IFG (p Opercularis),4,1,3.0,140.00000000000006,0,8000
k12wm010,62,L IFG (p Opercularis),4,2,3.0,3.0,4930,4944
k12wm010,62,L IFG (p Opercularis),4,3,3.6535187966709293,3.6535187966709293,5430,5442
k12wm010,62,L IFG (p Opercularis),4,4,6.599053055485587,6.599053055485587,5752,5754
k12wm010,62,L IFG (p Opercularis),4,5,38.885925700147695,38.885925700147695,6642,6643
k12wm010,63,L Precentral Gyrus,4,1,3.0,140.00000000000006,0,8000
k12wm010,63,L Precentral Gyrus,4,2,4.4493998658759315,4.4493998658759315,3809,3810
k12wm010,83,L IFG (p Opercularis),1,1,3.0,140.00000000000006,0,8000
k12wm010,83,L IFG (p Opercularis),1,2,3.0,3.0,3548,3558
k12wm010,83,L IFG (p Opercularis),1,3,3.0,3.0,5640,5642
k12wm010,83,L IFG (p Opercularis),1,4,3.0,3.310673102257725,7015,7051
k12wm010,83,L IFG (p Opercularis),1,5,140.00000000000006,140.00000000000006,2308,2311
k12wm010,83,L IFG (p Opercularis),1,6,140.00000000000006,140.00000000000006,2317,2339
k12wm010,85,L IFG (p Opercularis),3,1,3.0,140.00000000000006,0,8000
k12wm010,85,L IFG (p Opercularis),3,2,3.0,3.0,1544,1547
k12wm010,85,L IFG (p Opercularis),3,3,3.0,3.0,5525,5526
k12wm010,85,L IFG (p Opercularis),3,4,6.599053055485587,6.599053055485587,3274,3279
k12wm010,85,L IFG (p Opercularis),3,5,8.036588126148438,8.036588126148438,3339,3340
k12wm010,95,L Putamen,3,1,3.0,140.00000000000006,0,8000
k12wm010,95,L Putamen,3,2,3.0,3.0,1970,1972
k12wm010,95,L Putamen,3,3,3.0,3.310673102257725,4699,4713
k12wm010,95,L Putamen,3,4,3.310673102257725,3.6535187966709293,1473,1484
k12wm010,103,L Middle Frontal Gyrus,4,1,3.0,140.00000000000006,0,8000
k12wm010,103,L Middle Frontal Gyrus,4,2,3.0,3.0,6380,6394
k12wm010,103,L Middle Frontal Gyrus,4,3,3.0,5.418655347960942,7542,7616
k12wm010,103,L Middle Frontal Gyrus,4,4,3.6535187966709293,3.6535187966709293,6390,6401
k12wm010,103,L Middle Frontal Gyrus,4,5,140.00000000000006,140.00000000000006,3732,3749
k12wm010,120,L Superior Temporal Gyrus,3,1,3.0,140.00000000000006,0,8000
k12wm010,120,L Superior Temporal Gyrus,3,2,3.0,3.0,5963,5976
k12wm010,120,L Superior Temporal Gyrus,3,3,3.0,3.0,5982,5985
k12wm010,120,L Superior Temporal Gyrus,3,4,3.0,3.310673102257725,6194,6211
k12wm010,120,L Superior Temporal Gyrus,3,5,3.0,3.0,6214,6221
k12wm010,120,L Superior Temporal Gyrus,3,6,3.0,3.0,6243,6256
k12wm010,120,L Superior Temporal Gyrus,3,7,3.310673102257725,3.310673102257725,6224,6233
k12wm010,120,L Superior Temporal Gyrus,3,8,3.6535187966709293,3.6535187966709293,5691,5691
k12wm010,120,L Superior Temporal Gyrus,3,9,28.933921911405292,28.933921911405292,1313,1316
k12wm010,120,L Superior Temporal Gyrus,3,10,52.26098356757353,52.26098356757353,5462,5467
k12wm010,120,L Superior Temporal Gyrus,3,11,140.00000000000006,140.00000000000006,2655,2661
k12wm010,120,L Superior Temporal Gyrus,4,1,3.0,140.00000000000006,0,8000
k12wm010,120,L Superior Temporal Gyrus,4,2,3.0,3.0,1951,1955
k12wm010,120,L Superior Temporal Gyrus,4,3,3.0,3.310673102257725,3954,3982
k12wm010,120,L Superior Temporal Gyrus,4,4,3.0,3.0,7559,7562
k12wm010,120,L Superior Temporal Gyrus,4,5,3.310673102257725,3.310673102257725,5513,5523
k12wm010,120,L Superior Temporal Gyrus,4,6,140.00000000000006,140.00000000000006,916,917
k12wm010,127,L Superior Temporal Gyrus,3,1,3.0,140.00000000000006,0,8000
k12wm010,127,L Superior Temporal Gyrus,3,2,3.0,3.0,5488,5490
k12wm010,127,L Superior Temporal Gyrus,3,3,3.0,3.0,6571,6571
k12wm010,127,L Superior Temporal Gyrus,3,4,4.031868802910486,4.031868802910486,1709,1711
k12wm010,128,L Superior Temporal Gyrus,3,1,3.0,140.00000000000006,0,8000
k12wm010,128,L Superior Temporal Gyrus,3,2,3.6535187966709293,4.031868802910486,6045,6061
k12wm010,128,L Superior Temporal Gyrus,3,3,10.80082298255291,10.80082298255291,252,253
k12wm010,128,L Superior Temporal Gyrus,4,1,3.0,140.00000000000006,0,8000
k12wm010,128,L Superior Temporal Gyrus,4,2,3.0,3.0,4812,4815
k12wm010,138,R Middle Temporal Gyrus,4,1,3.0,140.00000000000006,0,8000
k12wm011,20,L Inferior Temporal Gyrus,4,1,3.0,140.00000000000006,0,8000
k12wm011,20,L Inferior Temporal Gyrus,4,2,3.0,3.0,2250,2252
k12wm011,20,L Inferior Temporal Gyrus,4,3,3.0,3.0,6846,6846
k12wm011,20,L Inferior Temporal Gyrus,4,4,3.0,3.0,7360,7360
k12wm011,20,L Inferior Temporal Gyrus,4,5,3.310673102257725,3.310673102257725,6852,6863
k12wm011,20,L Inferior Temporal Gyrus,4,6,4.4493998658759315,4.4493998658759315,3606,3608
k12wm011,20,L Inferior Temporal Gyrus,4,7,4.4493998658759315,4.4493998658759315,3616,3618
k12wm011,20,L Inferior Temporal Gyrus,4,8,6.599053055485587,6.599053055485587,7179,7182
k12wm011,20,L Inferior Temporal Gyrus,4,9,17.677957143179682,19.50864573892993,2404,2407
k12wm011,20,L Inferior Temporal Gyrus,4,10,38.885925700147695,38.885925700147695,2430,2430
k12wm011,25,L Middle Temporal Gyrus,1,1,3.0,140.00000000000006,0,8000
k12wm011,25,L Middle Temporal Gyrus,1,2,3.0,3.0,1102,1120
k12wm011,25,L Middle Temporal Gyrus,1,3,3.0,3.0,1984,1986
k12wm011,25,L Middle Temporal Gyrus,1,4,3.0,3.0,6031,6031
k12wm011,25,L Middle Temporal Gyrus,1,5,126.86241952235625,126.86241952235625,7038,7042
k12wm011,25,L Middle Temporal Gyrus,1,6,140.00000000000006,140.00000000000006,7846,7871
k12wm011,76,L SupraMarginal Gyrus,1,1,3.0,140.00000000000006,0,8000
k12wm011,76,L SupraMarginal Gyrus,1,2,3.0,3.0,1264,1264
k12wm011,76,L SupraMarginal Gyrus,1,3,3.0,3.310673102257725,1749,1765
k12wm011,76,L SupraMarginal Gyrus,1,4,3.0,3.0,1772,1777
k12wm011,76,L SupraMarginal Gyrus,1,5,3.0,3.0,5409,5421
k12wm011,76,L SupraMarginal Gyrus,1,6,140.00000000000006,140.00000000000006,5789,5791
k12wm011,76,L SupraMarginal Gyrus,1,7,140.00000000000006,140.00000000000006,5794,5804
k12wm011,83,L Putamen,4,1,3.0,140.00000000000006,0,8000
k12wm011,83,L Putamen,4,2,3.0,3.0,109,109
k12wm011,83,L Putamen,4,3,3.0,3.0,7229,7229
k12wm011,83,L Putamen,4,4,3.310673102257725,3.310673102257725,6607,6613
k12wm011,83,L Putamen,4,5,3.310673102257725,3.310673102257725,6628,6633
k12wm011,83,L Putamen,4,6,3.310673102257725,3.310673102257725,7087,7098
k12wm011,93,L SupraMarginal Gyrus,4,1,3.0,140.00000000000006,0,8000
k12wm011,93,L SupraMarginal Gyrus,4,2,3.310673102257725,3.310673102257725,61,67
k12wm011,93,L SupraMarginal Gyrus,4,3,7.282435817055927,7.282435817055927,2101,2110
k12wm011,93,L SupraMarginal Gyrus,4,4,10.80082298255291,10.80082298255291,967,975
k12wm011,93,L SupraMarginal Gyrus,4,5,10.80082298255291,10.80082298255291,1836,1843
k12wm011,93,L SupraMarginal Gyrus,4,6,140.00000000000006,140.00000000000006,7614,7621
k12wm011,123,L IFG (p Triangularis),3,1,3.0,140.00000000000006,0,8000
k12wm011,123,L IFG (p Triangularis),3,2,3.0,3.310673102257725,1144,1171
k12wm011,123,L IFG (p Triangularis),3,3,3.0,3.0,6481,6482
k12wm011,123,L IFG (p Triangularis),3,4,3.310673102257725,3.310673102257725,7033,7036
k12wm011,123,L IFG (p Triangularis),3,5,14.515833743037883,14.515833743037883,6926,6927
k12wm011,124,L IFG (p Triangularis),3,1,3.0,140.00000000000006,0,8000
k12wm011,124,L IFG (p Triangularis),3,2,3.0,3.310673102257725,1146,1167
k12wm011,124,L IFG (p Triangularis),3,3,52.26098356757353,52.26098356757353,4970,4970
k12wm011,124,L IFG (p Triangularis),3,4,140.00000000000006,140.00000000000006,3569,3570
k12wm011,143,L Heschls Gyrus,3,1,3.0,140.00000000000006,0,8000
k12wm011,143,L Heschls Gyrus,3,2,3.0,3.0,5593,5595
k12wm011,143,L Heschls Gyrus,3,3,9.78727525999524,9.78727525999524,3742,3759
k12wm011,143,L Heschls Gyrus,3,4,94.39475269937705,94.39475269937705,5636,5638
k12wm011,143,L Heschls Gyrus,4,1,3.0,140.00000000000006,0,8000
k12wm011,143,L Heschls Gyrus,4,2,11.91933137686166,11.91933137686166,546,553
k12wm011,143,L Heschls Gyrus,4,3,19.50864573892993,19.50864573892993,518,518
k12wm011,143,L Heschls Gyrus,4,4,38.885925700147695,38.885925700147695,2064,2066
k12wm011,143,L Heschls Gyrus,4,5,140.00000000000006,140.00000000000006,3078,3078
k12wm011,144,L Superior Temporal Gyrus,3,1,3.0,140.00000000000006,0,8000
k12wm011,144,L Superior Temporal Gyrus,3,2,3.0,3.0,6698,6698
k12wm011,144,L Superior Temporal Gyrus,3,3,4.031868802910486,4.031868802910486,6706,6711
k12wm011,144,L Superior Temporal Gyrus,3,4,4.4493998658759315,4.4493998658759315,0,0
k12wm011,144,L Superior Temporal Gyrus,3,5,5.418655347960942,5.418655347960942,0,9
k12wm011,144,L Superior Temporal Gyrus,3,6,114.95766776475935,114.95766776475935,6251,6260
k12wm011,144,L Superior Temporal Gyrus,4,1,3.0,3.310673102257725,0,3
k12wm011,144,L Superior Temporal Gyrus,4,2,3.0,140.00000000000006,0,8000
k12wm011,144,L Superior Temporal Gyrus,4,3,3.0,3.0,7509,7514
k12wm011,144,L Superior Temporal Gyrus,4,4,3.310673102257725,3.310673102257725,7492,7496
k12wm011,144,L Superior Temporal Gyrus,4,5,3.6535187966709293,3.6535187966709293,7482,7491
k12wm011,144,L Superior Temporal Gyrus,4,6,140.00000000000006,140.00000000000006,456,458
k12wm011,145,L Superior Temporal Gyrus,3,1,3.0,140.00000000000006,0,8000
k12wm011,145,L Superior Temporal Gyrus,3,2,3.0,3.0,6095,6105
k12wm011,145,L Superior Temporal Gyrus,3,3,4.4493998658759315,4.4493998658759315,1933,1940
k12wm011,145,L Superior Temporal Gyrus,3,4,5.979798836966422,5.979798836966422,1282,1286
k12wm011,145,L Superior Temporal Gyrus,3,5,35.23687585490936,35.23687585490936,5210,5211
k12wm011,145,L Superior Temporal Gyrus,4,1,3.0,140.00000000000006,0,8000
k12wm011,145,L Superior Temporal Gyrus,4,2,3.0,3.0,835,836
k12wm011,145,L Superior Temporal Gyrus,4,3,4.031868802910486,4.031868802910486,1738,1740
k12wm011,145,L Superior Temporal Gyrus,4,4,8.868838714387815,8.868838714387815,510,511
k12wm011,145,L Superior Temporal Gyrus,4,5,104.17005625203247,104.17005625203247,6360,6360
k12wm011,151,L Superior Temporal Gyrus,3,1,3.0,140.00000000000006,0,8000
k12wm011,151,L Superior Temporal Gyrus,3,2,3.310673102257725,3.310673102257725,1878,1883
k12wm011,151,L Superior Temporal Gyrus,3,3,28.933921911405292,28.933921911405292,4994,4997
k12wm011,159,L Fusiform Gyrus,3,1,3.0,140.00000000000006,0,8000
k12wm011,159,L Fusiform Gyrus,3,2,3.0,3.0,6782,6783
k12wm011,159,L Fusiform Gyrus,3,3,5.979798836966422,5.979798836966422,5197,5198
k12wm011,159,L Fusiform Gyrus,3,4,23.75840130159157,23.75840130159157,3478,3495
k12wm011,161,L Medial Temporal Pole,3,1,3.0,140.00000000000006,0,8000
k12wm011,161,L Medial Temporal Pole,3,2,3.0,3.0,1616,1621
k12wm011,161,L Medial Temporal Pole,3,3,85.53676226898173,85.53676226898173,2287,2292
k12wm011,162,L Medial Temporal Pole,3,1,3.0,140.00000000000006,0,8000
k12wm011,162,L Medial Temporal Pole,3,2,3.0,3.0,5412,5415
k12wm011,162,L Medial Temporal Pole,3,3,17.677957143179682,17.677957143179682,3466,3472
k12wm011,162,L Medial Temporal Pole,3,4,38.885925700147695,38.885925700147695,2261,2263
k12wm011,162,L Medial Temporal Pole,3,5,47.35682015714627,47.35682015714627,5034,5042
k12wm011,162,L Medial Temporal Pole,3,6,126.86241952235625,126.86241952235625,2376,2377
k12wm011,162,L Medial Temporal Pole,3,7,140.00000000000006,140.00000000000006,750,755
k12wm011,163,L Medial Temporal Pole,1,1,3.0,140.00000000000006,0,8000
k12wm011,163,L Medial Temporal Pole,1,2,3.0,3.0,521,523
k12wm011,163,L Medial Temporal Pole,1,3,19.50864573892993,19.50864573892993,2033,2038
k12wm011,163,L Medial Temporal Pole,1,4,140.00000000000006,140.00000000000006,175,181
k12wm011,163,L Medial Temporal Pole,2,1,3.0,140.00000000000006,0,8000
k12wm011,163,L Medial Temporal Pole,2,2,3.0,3.0,3721,3722
k12wm011,163,L Medial Temporal Pole,2,3,3.0,3.0,5691,5700
k12wm011,163,L Medial Temporal Pole,2,4,3.6535187966709293,3.6535187966709293,6763,6763
k12wm011,163,L Medial Temporal Pole,2,5,4.4493998658759315,4.9101694857148575,6761,6789
k12wm011,163,L Medial Temporal Pole,2,6,26.218766713941378,26.218766713941378,2806,2808
k12wm011,163,L Medial Temporal Pole,2,7,140.00000000000006,140.00000000000006,1468,1470
k12wm011,163,L Medial Temporal Pole,2,8,140.00000000000006,140.00000000000006,6748,6748
k12wm011,163,L Medial Temporal Pole,3,1,3.0,3.310673102257725,0,17
k12wm011,163,L Medial Temporal Pole,3,2,3.0,140.00000000000006,0,8000
k12wm011,163,L Medial Temporal Pole,3,3,4.4493998658759315,4.4493998658759315,5066,5067
k12wm011,163,L Medial Temporal Pole,3,4,4.4493998658759315,4.4493998658759315,7396,7408
k12wm011,163,L Medial Temporal Pole,3,5,140.00000000000006,140.00000000000006,3393,3393
k12wm011,165,L Middle Temporal Gyrus,2,1,3.0,140.00000000000006,0,8000
k12wm011,165,L Middle Temporal Gyrus,2,2,3.0,3.0,1400,1426
k12wm011,165,L Middle Temporal Gyrus,2,3,3.0,3.0,1429,1429
k12wm011,165,L Middle Temporal Gyrus,2,4,3.0,3.0,2296,2298
k12wm011,165,L Middle Temporal Gyrus,2,5,3.310673102257725,3.310673102257725,7342,7355
k12wm011,165,L Middle Temporal Gyrus,3,1,3.0,140.00000000000006,0,8000
k12wm011,165,L Middle Temporal Gyrus,3,2,3.0,3.0,1851,1861
k12wm011,165,L Middle Temporal Gyrus,3,3,3.310673102257725,3.310673102257725,5907,5910
k12wm011,165,L Middle Temporal Gyrus,3,4,3.310673102257725,3.6535187966709293,5911,5920
k12wm011,165,L Middle Temporal Gyrus,3,5,3.6535187966709293,3.6535187966709293,6696,6700
k12wm011,165,L Middle Temporal Gyrus,3,6,4.031868802910486,4.031868802910486,1839,1848
k12wm011,165,L Middle Temporal Gyrus,3,7,140.00000000000006,140.00000000000006,4659,4662
k12wm013,29,L Medial Temporal Pole,3,1,3.0,140.00000000000006,0,8000
k12wm013,41,L ACC,4,1,3.0,140.00000000000006,0,8000
k12wm013,41,L ACC,4,2,140.00000000000006,140.00000000000006,6158,6161
k12wm013,41,L ACC,4,3,140.00000000000006,140.00000000000006,6571,6571
k12wm013,47,L Middle Frontal Gyrus,4,1,3.0,140.00000000000006,0,8000
k12wm013,67,L IFG (p Orbitalis),4,1,3.0,140.00000000000006,0,8000
k12wm013,79,L Middle Frontal Gyrus,2,1,3.0,140.00000000000006,0,8000
k12wm013,79,L Middle Frontal Gyrus,2,2,3.0,3.0,3459,3465
k12wm013,82,R Insula Lobe,2,1,3.0,3.310673102257725,0,1
k12wm013,82,R Insula Lobe,2,2,3.0,140.00000000000006,0,8000
k12wm013,84,R IFG (p Triangularis),1,1,3.0,140.00000000000006,0,8000
k12wm013,85,R IFG (p Triangularis),3,1,3.0,140.00000000000006,0,8000
k12wm013,89,R Superior Temporal Gyrus,4,1,3.0,140.00000000000006,0,8000
k12wm013,89,R Superior Temporal Gyrus,4,2,3.0,3.0,4544,4549
k12wm013,93,R Fusiform Gyrus,3,1,3.0,140.00000000000006,0,8000
k12wm013,93,R Fusiform Gyrus,3,2,3.0,3.0,7065,7098
k12wm013,112,R Middle Frontal Gyrus,4,1,3.0,140.00000000000006,0,8000
k12wm013,133,R Fusiform Gyrus,1,1,3.0,140.00000000000006,0,8000
k12wm013,134,R Fusiform Gyrus,1,1,3.0,140.00000000000006,0,8000
